locus	n_isoforms_tested	min_disorder_index	max_disorder_index	delta_disorder_index	is_structural_switcher
LNC_L00295_POLR2J2	4	0.15229850746268658	0.29942754919499104	0.14712904173230446	True
LNC_L00160_SMIM47	3	0.178023166023166	0.286602658788774	0.108579492765608	True
LNC_L00281_FKBP6	2	0.3038854489164087	0.37875399361022366	0.07486854469381499	True
