"ID","Description","GeneRatio","BgRatio","RichFactor","FoldEnrichment","zScore","pvalue","p.adjust","qvalue","geneID","Count"
"GO:0015871","choline transport","1/5","11/18860",0.0909090909090909,342.909090909091,18.4711484070545,0.00291313362895251,0.0410095387718115,0.022280224799626,"SLC44A3",1
"GO:0045050","protein insertion into ER membrane by stop-transfer membrane-anchor sequence","1/5","11/18860",0.0909090909090909,342.909090909091,18.4711484070545,0.00291313362895251,0.0410095387718115,0.022280224799626,"EMC3",1
"GO:0071816","tail-anchored membrane protein insertion into ER membrane","1/5","17/18860",0.0588235294117647,221.882352941176,14.8368436673195,0.00449925166804088,0.0410095387718115,0.022280224799626,"EMC3",1
"GO:0070525","tRNA threonylcarbamoyladenosine metabolic process","1/5","20/18860",0.05,188.6,13.6690536063751,0.00529155338991116,0.0410095387718115,0.022280224799626,"CTAG2",1
"GO:0006656","phosphatidylcholine biosynthetic process","1/5","30/18860",0.0333333333333333,125.733333333333,11.1339446980386,0.00792891655687966,0.0423271152388138,0.0229960558173521,"SLC44A3",1
"GO:0045048","protein insertion into ER membrane","1/5","31/18860",0.032258064516129,121.677419354839,10.9502566351116,0.0081923448849317,0.0423271152388138,0.0229960558173521,"EMC3",1
